z;acetoneold;acetone;methanolold;methanol;N2old;N2;xN2;yN2;xMeth;yMeth;xAc;yAc
0;0.31869;0.31869;0.52811;0.52811;0.1532;0.1532;0.074071386;0.2846498;0.048793148;0.459414989;0.073471277;0.251677695
0.000237;0.31837;0.3186;0.52758;0.52789;0.15405;0.15351;0.09735846;0.34148232;0.074127661;0.459629143;0.095832012;0.23580585
0.000474;0.31805;0.3185;0.52706;0.52767;0.15489;0.15382;0.121495729;0.403393878;0.096754662;0.430234613;0.121717141;0.225035648
0.000711;0.31774;0.31841;0.52653;0.52746;0.15573;0.15413;0.148218797;0.511819263;0.121051595;0.383948027;0.148133849;0.186374758
0.000948;0.31742;0.31832;0.52601;0.52724;0.15658;0.15444;0.17393284;0.599103405;0.147706967;0.30725027;0.173155458;0.158691086
0.001185;0.3171;0.31823;0.52548;0.52702;0.15742;0.15475;0.195317981;0.716782062;0.173399;0.249986467;0.195214711;0.125065213
0.001422;0.31678;0.31814;0.52495;0.5268;0.15826;0.15506;0.239411146;1.002023763;0.195123457;0.169020486;;
0.001659;0.31647;0.31805;0.52443;0.52658;0.15911;0.15537;;;;;;
0.001896;0.31615;0.31795;0.5239;0.52636;0.15995;0.15568;;;;;;
0.002133;0.31583;0.31786;0.52338;0.52614;0.16079;0.15599;;;;;;
0.00237;0.31551;0.31777;0.52285;0.52593;0.16164;0.15631;;;;;;
0.002607;0.3152;0.31767;0.52232;0.52571;0.16248;0.15662;;;;;;
0.002844;0.31488;0.31758;0.5218;0.52548;0.16332;0.15693;;;;;;
0.003081;0.31456;0.31749;0.52127;0.52526;0.16417;0.15725;;;;;;
0.003318;0.31425;0.3174;0.52075;0.52504;0.16501;0.15756;;;;;;
0.003555;0.31393;0.3173;0.52022;0.52482;0.16585;0.15787;;;;;;
0.003792;0.31361;0.31721;0.51969;0.5246;0.1667;0.15819;;;;;;
0.004029;0.31329;0.31711;0.51917;0.52438;0.16754;0.15851;;;;;;
0.004266;0.31298;0.31702;0.51864;0.52416;0.16838;0.15882;;;;;;
0.004503;0.31266;0.31693;0.51812;0.52393;0.16922;0.15914;;;;;;
0.00474;0.31234;0.31683;0.51759;0.52371;0.17007;0.15946;;;;;;
0.004977;0.31202;0.31674;0.51707;0.52349;0.17091;0.15977;;;;;;
0.005214;0.31171;0.31664;0.51654;0.52326;0.17175;0.16009;;;;;;
0.005451;0.31139;0.31655;0.51601;0.52304;0.1726;0.16041;;;;;;
0.005688;0.31107;0.31645;0.51549;0.52282;0.17344;0.16073;;;;;;
0.005925;0.31075;0.31636;0.51496;0.52259;0.17428;0.16105;;;;;;
0.006162;0.31044;0.31626;0.51444;0.52237;0.17513;0.16137;;;;;;
0.006399;0.31012;0.31617;0.51391;0.52214;0.17597;0.16169;;;;;;
0.006636;0.3098;0.31607;0.51338;0.52192;0.17681;0.16201;;;;;;
0.006873;0.30948;0.31597;0.51286;0.52169;0.17766;0.16233;;;;;;
0.00711;0.30917;0.31588;0.51233;0.52147;0.1785;0.16265;;;;;;
0.007347;0.30885;0.31578;0.51181;0.52124;0.17934;0.16298;;;;;;
0.007584;0.30853;0.31569;0.51128;0.52101;0.18019;0.1633;;;;;;
0.007821;0.30822;0.31559;0.51075;0.52079;0.18103;0.16363;;;;;;
0.008058;0.3079;0.31549;0.51023;0.52056;0.18187;0.16395;;;;;;
0.008295;0.30758;0.3154;0.5097;0.52033;0.18272;0.16427;;;;;;
0.008532;0.30726;0.3153;0.50918;0.5201;0.18356;0.1646;;;;;;
0.008769;0.30695;0.3152;0.50865;0.51988;0.1844;0.16492;;;;;;
0.009006;0.30663;0.3151;0.50813;0.51965;0.18525;0.16525;;;;;;
0.009243;0.30631;0.31501;0.5076;0.51942;0.18609;0.16558;;;;;;
0.00948;0.30599;0.31491;0.50707;0.51919;0.18693;0.1659;;;;;;
0.009717;0.30568;0.31481;0.50655;0.51896;0.18778;0.16623;;;;;;
0.009954;0.30536;0.31471;0.50602;0.51873;0.18862;0.16656;;;;;;
0.010191;0.30504;0.31461;0.5055;0.5185;0.18946;0.16689;;;;;;
0.010428;0.30472;0.31451;0.50497;0.51827;0.19031;0.16722;;;;;;
0.010665;0.30441;0.31442;0.50444;0.51804;0.19115;0.16755;;;;;;
0.010902;0.30409;0.31432;0.50392;0.51781;0.19199;0.16788;;;;;;
0.011139;0.30377;0.31422;0.50339;0.51758;0.19283;0.16821;;;;;;
0.011376;0.30346;0.31412;0.50287;0.51734;0.19368;0.16854;;;;;;
0.011613;0.30314;0.31402;0.50234;0.51711;0.19452;0.16887;;;;;;
0.01185;0.30282;0.31392;0.50181;0.51688;0.19536;0.1692;;;;;;
0.012087;0.3025;0.31382;0.50129;0.51665;0.19621;0.16953;;;;;;
0.012324;0.30219;0.31372;0.50076;0.51641;0.19705;0.16987;;;;;;
0.012561;0.30187;0.31362;0.50024;0.51618;0.19789;0.1702;;;;;;
0.012798;0.30155;0.31352;0.49971;0.51595;0.19874;0.17054;;;;;;
0.013035;0.30123;0.31342;0.49919;0.51571;0.19958;0.17087;;;;;;
0.013272;0.30092;0.31332;0.49866;0.51548;0.20042;0.17121;;;;;;
0.013509;0.3006;0.31322;0.49813;0.51524;0.20127;0.17154;;;;;;
0.013746;0.30028;0.31311;0.49761;0.51501;0.20211;0.17188;;;;;;
0.013983;0.29996;0.31301;0.49708;0.51477;0.20295;0.17222;;;;;;
0.01422;0.29965;0.31291;0.49656;0.51454;0.2038;0.17255;;;;;;
0.014457;0.29933;0.31281;0.49603;0.5143;0.20464;0.17289;;;;;;
0.014694;0.29901;0.31271;0.4955;0.51406;0.20548;0.17323;;;;;;
0.014931;0.2987;0.31261;0.49498;0.51383;0.20633;0.17357;;;;;;
0.015168;0.29838;0.3125;0.49445;0.51359;0.20717;0.17391;;;;;;
0.015405;0.29806;0.3124;0.49393;0.51335;0.20801;0.17425;;;;;;
0.015642;0.29774;0.3123;0.4934;0.51311;0.20886;0.17459;;;;;;
0.015879;0.29743;0.3122;0.49287;0.51288;0.2097;0.17493;;;;;;
0.016116;0.29711;0.31209;0.49235;0.51264;0.21054;0.17527;;;;;;
0.016353;0.29679;0.31199;0.49182;0.5124;0.21139;0.17561;;;;;;
0.01659;0.29647;0.31189;0.4913;0.51216;0.21223;0.17595;;;;;;
0.016827;0.29616;0.31178;0.49077;0.51192;0.21307;0.1763;;;;;;
0.017064;0.29584;0.31168;0.49025;0.51168;0.21392;0.17664;;;;;;
0.017301;0.29552;0.31157;0.48972;0.51144;0.21476;0.17699;;;;;;
0.017538;0.2952;0.31147;0.48919;0.5112;0.2156;0.17733;;;;;;
0.017775;0.29489;0.31137;0.48867;0.51096;0.21645;0.17768;;;;;;
0.018012;0.29457;0.31126;0.48814;0.51072;0.21729;0.17802;;;;;;
0.018249;0.29425;0.31116;0.48762;0.51047;0.21813;0.17837;;;;;;
0.018486;0.29394;0.31105;0.48709;0.51023;0.21897;0.17872;;;;;;
0.018723;0.29362;0.31095;0.48656;0.50999;0.21982;0.17906;;;;;;
0.01896;0.2933;0.31084;0.48604;0.50975;0.22066;0.17941;;;;;;
0.019197;0.29298;0.31074;0.48551;0.5095;0.2215;0.17976;;;;;;
0.019434;0.29267;0.31063;0.48499;0.50926;0.22235;0.18011;;;;;;
0.019671;0.29235;0.31052;0.48446;0.50902;0.22319;0.18046;;;;;;
0.019908;0.29203;0.31042;0.48393;0.50877;0.22403;0.18081;;;;;;
0.020145;0.29171;0.31031;0.48341;0.50853;0.22488;0.18116;;;;;;
0.020382;0.2914;0.31021;0.48288;0.50828;0.22572;0.18151;;;;;;
0.020619;0.29108;0.3101;0.48236;0.50804;0.22656;0.18186;;;;;;
0.020856;0.29076;0.30999;0.48183;0.50779;0.22741;0.18222;;;;;;
0.021093;0.29044;0.30989;0.48131;0.50755;0.22825;0.18257;;;;;;
0.02133;0.29013;0.30978;0.48078;0.5073;0.22909;0.18292;;;;;;
0.021567;0.28981;0.30967;0.48025;0.50706;0.22994;0.18327;;;;;;
0.021804;0.28949;0.30956;0.47973;0.50681;0.23078;0.18363;;;;;;
0.022041;0.28917;0.30945;0.4792;0.50656;0.23162;0.18399;;;;;;
0.022278;0.28886;0.30935;0.47868;0.50631;0.23247;0.18434;;;;;;
0.022515;0.28854;0.30924;0.47815;0.50607;0.23331;0.1847;;;;;;
0.022752;0.28822;0.30913;0.47762;0.50582;0.23415;0.18505;;;;;;
0.022989;0.28791;0.30902;0.4771;0.50557;0.235;0.18541;;;;;;
0.023226;0.28759;0.30891;0.47657;0.50532;0.23584;0.18577;;;;;;
0.023463;0.28727;0.3088;0.47605;0.50507;0.23668;0.18613;;;;;;
0.0237;0.28695;0.30869;0.47552;0.50482;0.23753;0.18649;;;;;;
0.023937;0.28664;0.30858;0.47499;0.50457;0.23837;0.18685;;;;;;
0.024174;0.28632;0.30847;0.47447;0.50432;0.23921;0.18721;;;;;;
0.024411;0.286;0.30836;0.47394;0.50407;0.24006;0.18757;;;;;;
0.024648;0.28568;0.30826;0.47342;0.50382;0.2409;0.18793;;;;;;
0.024885;0.28537;0.30815;0.47289;0.50357;0.24174;0.18829;;;;;;
0.025122;0.28505;0.30803;0.47237;0.50331;0.24259;0.18865;;;;;;
0.025359;0.28473;0.30792;0.47184;0.50306;0.24343;0.18902;;;;;;
0.025596;0.28441;0.30781;0.47131;0.50281;0.24427;0.18938;;;;;;
0.025833;0.2841;0.3077;0.47079;0.50256;0.24511;0.18974;;;;;;
0.02607;0.28378;0.30759;0.47026;0.5023;0.24596;0.19011;;;;;;
0.026307;0.28346;0.30748;0.46974;0.50205;0.2468;0.19047;;;;;;
0.026544;0.28315;0.30737;0.46921;0.50179;0.24764;0.19084;;;;;;
0.026781;0.28283;0.30725;0.46868;0.50154;0.24849;0.1912;;;;;;
0.027018;0.28251;0.30714;0.46816;0.50129;0.24933;0.19157;;;;;;
0.027255;0.28219;0.30703;0.46763;0.50103;0.25017;0.19194;;;;;;
0.027492;0.28188;0.30692;0.46711;0.50078;0.25102;0.19231;;;;;;
0.027729;0.28156;0.30681;0.46658;0.50052;0.25186;0.19268;;;;;;
0.027966;0.28124;0.30669;0.46605;0.50026;0.2527;0.19305;;;;;;
0.028203;0.28092;0.30658;0.46553;0.50001;0.25355;0.19342;;;;;;
0.02844;0.28061;0.30647;0.465;0.49975;0.25439;0.19378;;;;;;
0.028677;0.28029;0.30635;0.46448;0.49949;0.25523;0.19416;;;;;;
0.028914;0.27997;0.30624;0.46395;0.49923;0.25608;0.19453;;;;;;
0.029151;0.27965;0.30612;0.46343;0.49898;0.25692;0.1949;;;;;;
0.029388;0.27934;0.30601;0.4629;0.49872;0.25776;0.19527;;;;;;
0.029625;0.27902;0.3059;0.46237;0.49846;0.25861;0.19565;;;;;;
0.029862;0.2787;0.30578;0.46185;0.4982;0.25945;0.19602;;;;;;
0.030099;0.27839;0.30567;0.46132;0.49794;0.26029;0.19639;;;;;;
0.030336;0.27807;0.30555;0.4608;0.49768;0.26114;0.19677;;;;;;
0.030573;0.27775;0.30544;0.46027;0.49742;0.26198;0.19715;;;;;;
0.03081;0.27743;0.30532;0.45974;0.49716;0.26282;0.19752;;;;;;
0.031047;0.27712;0.3052;0.45922;0.4969;0.26367;0.1979;;;;;;
0.031284;0.2768;0.30509;0.45869;0.49664;0.26451;0.19828;;;;;;
0.031521;0.27648;0.30497;0.45817;0.49637;0.26535;0.19865;;;;;;
0.031758;0.27616;0.30486;0.45764;0.49611;0.2662;0.19903;;;;;;
0.031995;0.27585;0.30474;0.45712;0.49585;0.26704;0.19941;;;;;;
0.032232;0.27553;0.30462;0.45659;0.49559;0.26788;0.19979;;;;;;
0.032469;0.27521;0.30451;0.45606;0.49532;0.26872;0.20017;;;;;;
0.032706;0.27489;0.30439;0.45554;0.49506;0.26957;0.20055;;;;;;
0.032943;0.27458;0.30427;0.45501;0.49479;0.27041;0.20093;;;;;;
0.03318;0.27426;0.30415;0.45449;0.49453;0.27125;0.20132;;;;;;
0.033417;0.27394;0.30404;0.45396;0.49427;0.2721;0.2017;;;;;;
0.033654;0.27363;0.30392;0.45343;0.494;0.27294;0.20208;;;;;;
0.033891;0.27331;0.3038;0.45291;0.49373;0.27378;0.20247;;;;;;
0.034128;0.27299;0.30368;0.45238;0.49347;0.27463;0.20285;;;;;;
0.034365;0.27267;0.30356;0.45186;0.4932;0.27547;0.20324;;;;;;
0.034602;0.27236;0.30344;0.45133;0.49294;0.27631;0.20362;;;;;;
0.034839;0.27204;0.30332;0.4508;0.49267;0.27716;0.20401;;;;;;
0.035076;0.27172;0.3032;0.45028;0.4924;0.278;0.2044;;;;;;
0.035313;0.2714;0.30308;0.44975;0.49213;0.27884;0.20478;;;;;;
0.03555;0.27109;0.30296;0.44923;0.49186;0.27969;0.20517;;;;;;
0.035787;0.27077;0.30284;0.4487;0.4916;0.28053;0.20556;;;;;;
0.036024;0.27045;0.30272;0.44818;0.49133;0.28137;0.20595;;;;;;
0.036261;0.27013;0.3026;0.44765;0.49106;0.28222;0.20634;;;;;;
0.036498;0.26982;0.30248;0.44712;0.49079;0.28306;0.20673;;;;;;
0.036735;0.2695;0.30236;0.4466;0.49052;0.2839;0.20712;;;;;;
0.036972;0.26918;0.30224;0.44607;0.49025;0.28475;0.20751;;;;;;
0.037209;0.26887;0.30212;0.44555;0.48997;0.28559;0.20791;;;;;;
0.037446;0.26855;0.302;0.44502;0.4897;0.28643;0.2083;;;;;;
0.037683;0.26823;0.30187;0.44449;0.48943;0.28728;0.2087;;;;;;
0.03792;0.26791;0.30175;0.44397;0.48916;0.28812;0.20909;;;;;;
0.038157;0.2676;0.30163;0.44344;0.48889;0.28896;0.20948;;;;;;
0.038394;0.26728;0.30151;0.44292;0.48861;0.28981;0.20988;;;;;;
0.038631;0.26696;0.30138;0.44239;0.48834;0.29065;0.21028;;;;;;
0.038868;0.26664;0.30126;0.44186;0.48806;0.29149;0.21067;;;;;;
0.039105;0.26633;0.30114;0.44134;0.48779;0.29233;0.21107;;;;;;
0.039342;0.26601;0.30101;0.44081;0.48752;0.29318;0.21147;;;;;;
0.039579;0.26569;0.30089;0.44029;0.48724;0.29402;0.21187;;;;;;
0.039816;0.26537;0.30077;0.43976;0.48697;0.29486;0.21227;;;;;;
0.040053;0.26506;0.30064;0.43924;0.48669;0.29571;0.21267;;;;;;
0.04029;0.26474;0.30052;0.43871;0.48641;0.29655;0.21307;;;;;;
0.040527;0.26442;0.30039;0.43818;0.48614;0.29739;0.21347;;;;;;
0.040764;0.26411;0.30027;0.43766;0.48586;0.29824;0.21387;;;;;;
0.041001;0.26379;0.30014;0.43713;0.48558;0.29908;0.21428;;;;;;
0.041238;0.26347;0.30002;0.43661;0.4853;0.29992;0.21468;;;;;;
0.041475;0.26315;0.29989;0.43608;0.48503;0.30077;0.21508;;;;;;
0.041712;0.26284;0.29977;0.43555;0.48475;0.30161;0.21549;;;;;;
0.041949;0.26252;0.29964;0.43503;0.48447;0.30245;0.21589;;;;;;
0.042186;0.2622;0.29951;0.4345;0.48419;0.3033;0.2163;;;;;;
0.042423;0.26188;0.29939;0.43398;0.48391;0.30414;0.21671;;;;;;
0.04266;0.26157;0.29926;0.43345;0.48363;0.30498;0.21711;;;;;;
0.042897;0.26125;0.29913;0.43292;0.48335;0.30583;0.21752;;;;;;
0.043134;0.26093;0.29901;0.4324;0.48307;0.30667;0.21793;;;;;;
0.043371;0.26061;0.29888;0.43187;0.48278;0.30751;0.21834;;;;;;
0.043608;0.2603;0.29875;0.43135;0.4825;0.30836;0.21875;;;;;;
0.043845;0.25998;0.29862;0.43082;0.48222;0.3092;0.21916;;;;;;
0.044082;0.25966;0.29849;0.4303;0.48194;0.31004;0.21957;;;;;;
0.044319;0.25934;0.29836;0.42977;0.48166;0.31089;0.21998;;;;;;
0.044556;0.25903;0.29824;0.42924;0.48137;0.31173;0.22039;;;;;;
0.044793;0.25871;0.29811;0.42872;0.48109;0.31257;0.22081;;;;;;
0.04503;0.25839;0.29798;0.42819;0.4808;0.31342;0.22122;;;;;;
0.045267;0.25808;0.29785;0.42767;0.48052;0.31426;0.22163;;;;;;
0.045504;0.25776;0.29772;0.42714;0.48023;0.3151;0.22205;;;;;;
0.045741;0.25744;0.29759;0.42661;0.47995;0.31595;0.22247;;;;;;
0.045978;0.25712;0.29746;0.42609;0.47966;0.31679;0.22288;;;;;;
0.046215;0.25681;0.29733;0.42556;0.47938;0.31763;0.2233;;;;;;
0.046452;0.25649;0.2972;0.42504;0.47909;0.31847;0.22371;;;;;;
0.046689;0.25617;0.29707;0.42451;0.4788;0.31932;0.22413;;;;;;
0.046926;0.25585;0.29693;0.42398;0.47851;0.32016;0.22455;;;;;;
0.047163;0.25554;0.2968;0.42346;0.47822;0.321;0.22497;;;;;;
0.0474;0.25522;0.29667;0.42293;0.47794;0.32185;0.22539;;;;;;
0.047637;0.2549;0.29654;0.42241;0.47765;0.32269;0.22581;;;;;;
0.047874;0.25458;0.29641;0.42188;0.47736;0.32353;0.22624;;;;;;
0.048111;0.25427;0.29627;0.42136;0.47707;0.32438;0.22666;;;;;;
0.048348;0.25395;0.29614;0.42083;0.47678;0.32522;0.22708;;;;;;
0.048585;0.25363;0.29601;0.4203;0.47649;0.32606;0.2275;;;;;;
0.048822;0.25332;0.29588;0.41978;0.4762;0.32691;0.22793;;;;;;
0.049059;0.253;0.29574;0.41925;0.4759;0.32775;0.22835;;;;;;
0.049296;0.25268;0.29561;0.41873;0.47561;0.32859;0.22878;;;;;;
0.049533;0.25236;0.29547;0.4182;0.47532;0.32944;0.22921;;;;;;
0.04977;0.25205;0.29534;0.41767;0.47503;0.33028;0.22963;;;;;;
0.050007;0.25173;0.2952;0.41715;0.47473;0.33112;0.23006;;;;;;
0.050244;0.25141;0.29507;0.41662;0.47444;0.33197;0.23049;;;;;;
0.050481;0.25109;0.29493;0.4161;0.47415;0.33281;0.23092;;;;;;
0.050718;0.25078;0.2948;0.41557;0.47385;0.33365;0.23135;;;;;;
0.050955;0.25046;0.29466;0.41504;0.47356;0.3345;0.23178;;;;;;
0.051192;0.25014;0.29453;0.41452;0.47326;0.33534;0.23221;;;;;;
0.051429;0.24982;0.29439;0.41399;0.47297;0.33618;0.23264;;;;;;
0.051666;0.24951;0.29425;0.41347;0.47267;0.33703;0.23308;;;;;;
0.051903;0.24919;0.29412;0.41294;0.47237;0.33787;0.23351;;;;;;
0.05214;0.24887;0.29398;0.41242;0.47208;0.33871;0.23394;;;;;;
0.052377;0.24856;0.29384;0.41189;0.47178;0.33956;0.23438;;;;;;
0.052614;0.24824;0.29371;0.41136;0.47148;0.3404;0.23481;;;;;;
0.052851;0.24792;0.29357;0.41084;0.47118;0.34124;0.23525;;;;;;
0.053088;0.2476;0.29343;0.41031;0.47088;0.34208;0.23569;;;;;;
0.053325;0.24729;0.29329;0.40979;0.47058;0.34293;0.23612;;;;;;
0.053562;0.24697;0.29316;0.40926;0.47028;0.34377;0.23656;;;;;;
0.053799;0.24665;0.29302;0.40873;0.46998;0.34461;0.237;;;;;;
0.054036;0.24633;0.29288;0.40821;0.46968;0.34546;0.23744;;;;;;
0.054273;0.24602;0.29274;0.40768;0.46938;0.3463;0.23788;;;;;;
0.05451;0.2457;0.2926;0.40716;0.46908;0.34714;0.23832;;;;;;
0.054747;0.24538;0.29246;0.40663;0.46878;0.34799;0.23876;;;;;;
0.054984;0.24506;0.29232;0.4061;0.46848;0.34883;0.23921;;;;;;
0.055221;0.24475;0.29218;0.40558;0.46817;0.34967;0.23965;;;;;;
0.055458;0.24443;0.29204;0.40505;0.46787;0.35052;0.24009;;;;;;
0.055695;0.24411;0.2919;0.40453;0.46757;0.35136;0.24054;;;;;;
0.055932;0.2438;0.29176;0.404;0.46726;0.3522;0.24098;;;;;;
0.056169;0.24348;0.29161;0.40348;0.46696;0.35305;0.24143;;;;;;
0.056406;0.24316;0.29147;0.40295;0.46665;0.35389;0.24188;;;;;;
0.056643;0.24284;0.29133;0.40242;0.46635;0.35473;0.24232;;;;;;
0.05688;0.24253;0.29119;0.4019;0.46604;0.35558;0.24277;;;;;;
0.057117;0.24221;0.29105;0.40137;0.46574;0.35642;0.24322;;;;;;
0.057354;0.24189;0.2909;0.40085;0.46543;0.35726;0.24367;;;;;;
0.057591;0.24157;0.29076;0.40032;0.46512;0.35811;0.24412;;;;;;
0.057828;0.24126;0.29062;0.39979;0.46481;0.35895;0.24457;;;;;;
0.058065;0.24094;0.29047;0.39927;0.4645;0.35979;0.24502;;;;;;
0.058302;0.24062;0.29033;0.39874;0.4642;0.36064;0.24548;;;;;;
0.058539;0.2403;0.29018;0.39822;0.46389;0.36148;0.24593;;;;;;
0.058776;0.23999;0.29004;0.39769;0.46358;0.36232;0.24638;;;;;;
0.059013;0.23967;0.28989;0.39716;0.46327;0.36317;0.24684;;;;;;
0.05925;0.23935;0.28975;0.39664;0.46296;0.36401;0.24729;;;;;;
0.059487;0.23903;0.2896;0.39611;0.46265;0.36485;0.24775;;;;;;
0.059724;0.23872;0.28946;0.39559;0.46233;0.3657;0.24821;;;;;;
0.059961;0.2384;0.28931;0.39506;0.46202;0.36654;0.24867;;;;;;
0.060198;0.23808;0.28917;0.39454;0.46171;0.36738;0.24912;;;;;;
0.060435;0.23777;0.28902;0.39401;0.4614;0.36822;0.24958;;;;;;
0.060672;0.23745;0.28887;0.39348;0.46108;0.36907;0.25004;;;;;;
0.060909;0.23713;0.28873;0.39296;0.46077;0.36991;0.2505;;;;;;
0.061146;0.23681;0.28858;0.39243;0.46046;0.37075;0.25097;;;;;;
0.061383;0.2365;0.28843;0.39191;0.46014;0.3716;0.25143;;;;;;
0.06162;0.23618;0.28828;0.39138;0.45983;0.37244;0.25189;;;;;;
0.061857;0.23586;0.28814;0.39085;0.45951;0.37328;0.25235;;;;;;
0.062094;0.23554;0.28799;0.39033;0.45919;0.37413;0.25282;;;;;;
0.062331;0.23523;0.28784;0.3898;0.45888;0.37497;0.25328;;;;;;
0.062568;0.23491;0.28769;0.38928;0.45856;0.37581;0.25375;;;;;;
0.062805;0.23459;0.28754;0.38875;0.45824;0.37666;0.25422;;;;;;
0.063042;0.23427;0.28739;0.38822;0.45793;0.3775;0.25468;;;;;;
0.063279;0.23396;0.28724;0.3877;0.45761;0.37834;0.25515;;;;;;
0.063516;0.23364;0.28709;0.38717;0.45729;0.37919;0.25562;;;;;;
0.063753;0.23332;0.28694;0.38665;0.45697;0.38003;0.25609;;;;;;
0.06399;0.23301;0.28679;0.38612;0.45665;0.38087;0.25656;;;;;;
0.064227;0.23269;0.28664;0.3856;0.45633;0.38172;0.25703;;;;;;
0.064464;0.23237;0.28649;0.38507;0.45601;0.38256;0.2575;;;;;;
0.064701;0.23205;0.28633;0.38454;0.45569;0.3834;0.25798;;;;;;
0.064938;0.23174;0.28618;0.38402;0.45537;0.38425;0.25845;;;;;;
0.065175;0.23142;0.28603;0.38349;0.45504;0.38509;0.25893;;;;;;
0.065412;0.2311;0.28588;0.38297;0.45472;0.38593;0.2594;;;;;;
0.065649;0.23078;0.28573;0.38244;0.4544;0.38678;0.25988;;;;;;
0.065886;0.23047;0.28557;0.38191;0.45407;0.38762;0.26035;;;;;;
0.066123;0.23015;0.28542;0.38139;0.45375;0.38846;0.26083;;;;;;
0.06636;0.22983;0.28527;0.38086;0.45343;0.38931;0.26131;;;;;;
0.066597;0.22951;0.28511;0.38034;0.4531;0.39015;0.26179;;;;;;
0.066834;0.2292;0.28496;0.37981;0.45278;0.39099;0.26227;;;;;;
0.067071;0.22888;0.2848;0.37928;0.45245;0.39184;0.26275;;;;;;
0.067308;0.22856;0.28465;0.37876;0.45212;0.39268;0.26323;;;;;;
0.067545;0.22825;0.28449;0.37823;0.4518;0.39352;0.26371;;;;;;
0.067782;0.22793;0.28434;0.37771;0.45147;0.39436;0.26419;;;;;;
0.068019;0.22761;0.28418;0.37718;0.45114;0.39521;0.26468;;;;;;
0.068256;0.22729;0.28402;0.37666;0.45081;0.39605;0.26516;;;;;;
0.068493;0.22698;0.28387;0.37613;0.45048;0.39689;0.26565;;;;;;
0.06873;0.22666;0.28371;0.3756;0.45015;0.39774;0.26613;;;;;;
0.068967;0.22634;0.28355;0.37508;0.44983;0.39858;0.26662;;;;;;
0.069204;0.22602;0.2834;0.37455;0.44949;0.39942;0.26711;;;;;;
0.069441;0.22571;0.28324;0.37403;0.44916;0.40027;0.2676;;;;;;
0.069678;0.22539;0.28308;0.3735;0.44883;0.40111;0.26809;;;;;;
0.069915;0.22507;0.28292;0.37297;0.4485;0.40195;0.26858;;;;;;
0.070152;0.22475;0.28276;0.37245;0.44817;0.4028;0.26907;;;;;;
0.070389;0.22444;0.28261;0.37192;0.44784;0.40364;0.26956;;;;;;
0.070626;0.22412;0.28245;0.3714;0.4475;0.40448;0.27005;;;;;;
0.070863;0.2238;0.28229;0.37087;0.44717;0.40533;0.27055;;;;;;
0.0711;0.22349;0.28213;0.37034;0.44683;0.40617;0.27104;;;;;;
0.071337;0.22317;0.28197;0.36982;0.4465;0.40701;0.27153;;;;;;
0.071574;0.22285;0.28181;0.36929;0.44616;0.40786;0.27203;;;;;;
0.071811;0.22253;0.28164;0.36877;0.44583;0.4087;0.27253;;;;;;
0.072048;0.22222;0.28148;0.36824;0.44549;0.40954;0.27303;;;;;;
0.072285;0.2219;0.28132;0.36772;0.44515;0.41039;0.27352;;;;;;
0.072522;0.22158;0.28116;0.36719;0.44482;0.41123;0.27402;;;;;;
0.072759;0.22126;0.281;0.36666;0.44448;0.41207;0.27452;;;;;;
0.072996;0.22095;0.28084;0.36614;0.44414;0.41292;0.27502;;;;;;
0.073233;0.22063;0.28067;0.36561;0.4438;0.41376;0.27552;;;;;;
0.07347;0.22031;0.28051;0.36509;0.44346;0.4146;0.27603;;;;;;
0.073707;0.21999;0.28035;0.36456;0.44312;0.41545;0.27653;;;;;;
0.073944;0.21968;0.28018;0.36403;0.44278;0.41629;0.27703;;;;;;
0.074181;0.21936;0.28002;0.36351;0.44244;0.41713;0.27754;;;;;;
0.074418;0.21904;0.27985;0.36298;0.4421;0.41797;0.27804;;;;;;
0.074655;0.21873;0.27969;0.36246;0.44176;0.41882;0.27855;;;;;;
0.074892;0.21841;0.27953;0.36193;0.44142;0.41966;0.27906;;;;;;
0.075129;0.21809;0.27936;0.36141;0.44107;0.4205;0.27957;;;;;;
0.075366;0.21777;0.27919;0.36088;0.44073;0.42135;0.28008;;;;;;
0.075603;0.21746;0.27903;0.36035;0.44039;0.42219;0.28059;;;;;;
0.07584;0.21714;0.27886;0.35983;0.44004;0.42303;0.2811;;;;;;
0.076077;0.21682;0.2787;0.3593;0.4397;0.42388;0.28161;;;;;;
0.076314;0.2165;0.27853;0.35878;0.43935;0.42472;0.28212;;;;;;
0.076551;0.21619;0.27836;0.35825;0.43901;0.42556;0.28263;;;;;;
0.076788;0.21587;0.27819;0.35772;0.43866;0.42641;0.28315;;;;;;
0.077025;0.21555;0.27802;0.3572;0.43831;0.42725;0.28366;;;;;;
0.077262;0.21523;0.27786;0.35667;0.43797;0.42809;0.28418;;;;;;
0.077499;0.21492;0.27769;0.35615;0.43762;0.42894;0.28469;;;;;;
0.077736;0.2146;0.27752;0.35562;0.43727;0.42978;0.28521;;;;;;
0.077973;0.21428;0.27735;0.35509;0.43692;0.43062;0.28573;;;;;;
0.07821;0.21396;0.27718;0.35457;0.43657;0.43147;0.28625;;;;;;
0.078447;0.21365;0.27701;0.35404;0.43622;0.43231;0.28677;;;;;;
0.078684;0.21333;0.27684;0.35352;0.43587;0.43315;0.28729;;;;;;
0.078921;0.21301;0.27667;0.35299;0.43552;0.434;0.28781;;;;;;
0.079158;0.2127;0.2765;0.35247;0.43517;0.43484;0.28834;;;;;;
0.079395;0.21238;0.27633;0.35194;0.43481;0.43568;0.28886;;;;;;
0.079632;0.21206;0.27616;0.35141;0.43446;0.43653;0.28938;;;;;;
0.079869;0.21174;0.27598;0.35089;0.43411;0.43737;0.28991;;;;;;
0.080106;0.21143;0.27581;0.35036;0.43375;0.43821;0.29043;;;;;;
0.080343;0.21111;0.27564;0.34984;0.4334;0.43906;0.29096;;;;;;
0.08058;0.21079;0.27546;0.34931;0.43305;0.4399;0.29149;;;;;;
0.080817;0.21047;0.27529;0.34878;0.43269;0.44074;0.29202;;;;;;
0.081054;0.21016;0.27512;0.34826;0.43234;0.44159;0.29255;;;;;;
0.081291;0.20984;0.27494;0.34773;0.43198;0.44243;0.29308;;;;;;
0.081528;0.20952;0.27477;0.34721;0.43162;0.44327;0.29361;;;;;;
0.081765;0.2092;0.27459;0.34668;0.43126;0.44411;0.29414;;;;;;
0.082002;0.20889;0.27442;0.34615;0.43091;0.44496;0.29467;;;;;;
0.082239;0.20857;0.27424;0.34563;0.43055;0.4458;0.29521;;;;;;
0.082476;0.20825;0.27407;0.3451;0.43019;0.44664;0.29574;;;;;;
0.082713;0.20794;0.27389;0.34458;0.42983;0.44749;0.29628;;;;;;
0.08295;0.20762;0.27372;0.34405;0.42947;0.44833;0.29682;;;;;;
0.083187;0.2073;0.27354;0.34353;0.42911;0.44917;0.29735;;;;;;
0.083424;0.20698;0.27336;0.343;0.42875;0.45002;0.29789;;;;;;
0.083661;0.20667;0.27318;0.34247;0.42838;0.45086;0.29843;;;;;;
0.083898;0.20635;0.27301;0.34195;0.42802;0.4517;0.29897;;;;;;
0.084135;0.20603;0.27283;0.34142;0.42766;0.45255;0.29951;;;;;;
0.084372;0.20571;0.27265;0.3409;0.4273;0.45339;0.30005;;;;;;
0.084609;0.2054;0.27247;0.34037;0.42693;0.45423;0.3006;;;;;;
0.084846;0.20508;0.27229;0.33984;0.42657;0.45508;0.30114;;;;;;
0.085083;0.20476;0.27211;0.33932;0.4262;0.45592;0.30169;;;;;;
0.08532;0.20444;0.27193;0.33879;0.42584;0.45676;0.30223;;;;;;
0.085557;0.20413;0.27175;0.33827;0.42547;0.45761;0.30278;;;;;;
0.085794;0.20381;0.27157;0.33774;0.4251;0.45845;0.30333;;;;;;
0.086031;0.20349;0.27139;0.33721;0.42474;0.45929;0.30388;;;;;;
0.086268;0.20318;0.27121;0.33669;0.42437;0.46014;0.30443;;;;;;
0.086505;0.20286;0.27102;0.33616;0.424;0.46098;0.30498;;;;;;
0.086742;0.20254;0.27084;0.33564;0.42363;0.46182;0.30553;;;;;;
0.086979;0.20222;0.27066;0.33511;0.42326;0.46267;0.30608;;;;;;
0.087216;0.20191;0.27048;0.33458;0.42289;0.46351;0.30663;;;;;;
0.087453;0.20159;0.27029;0.33406;0.42252;0.46435;0.30719;;;;;;
0.08769;0.20127;0.27011;0.33353;0.42215;0.4652;0.30774;;;;;;
0.087927;0.20095;0.26992;0.33301;0.42178;0.46604;0.3083;;;;;;
0.088164;0.20064;0.26974;0.33248;0.42141;0.46688;0.30885;;;;;;
0.088401;0.20032;0.26955;0.33196;0.42103;0.46773;0.30941;;;;;;
0.088638;0.2;0.26937;0.33143;0.42066;0.46857;0.30997;;;;;;
0.088875;0.19968;0.26918;0.3309;0.42028;0.46941;0.31053;;;;;;
0.089112;0.19937;0.269;0.33038;0.41991;0.47026;0.31109;;;;;;
0.089349;0.19905;0.26881;0.32985;0.41954;0.4711;0.31165;;;;;;
0.089586;0.19873;0.26862;0.32933;0.41916;0.47194;0.31222;;;;;;
0.089823;0.19841;0.26844;0.3288;0.41878;0.47278;0.31278;;;;;;
0.09006;0.1981;0.26825;0.32827;0.41841;0.47363;0.31334;;;;;;
0.090297;0.19778;0.26806;0.32775;0.41803;0.47447;0.31391;;;;;;
0.090534;0.19746;0.26787;0.32722;0.41765;0.47531;0.31447;;;;;;
0.090771;0.19715;0.26768;0.3267;0.41727;0.47616;0.31504;;;;;;
0.091008;0.19683;0.2675;0.32617;0.41689;0.477;0.31561;;;;;;
0.091245;0.19651;0.26731;0.32564;0.41651;0.47784;0.31618;;;;;;
0.091482;0.19619;0.26712;0.32512;0.41613;0.47869;0.31675;;;;;;
0.091719;0.19588;0.26693;0.32459;0.41575;0.47953;0.31732;;;;;;
0.091956;0.19556;0.26674;0.32407;0.41537;0.48037;0.31789;;;;;;
0.092193;0.19524;0.26654;0.32354;0.41499;0.48122;0.31847;;;;;;
0.09243;0.19492;0.26635;0.32302;0.41461;0.48206;0.31904;;;;;;
0.092667;0.19461;0.26616;0.32249;0.41422;0.4829;0.31961;;;;;;
0.092904;0.19429;0.26597;0.32196;0.41384;0.48375;0.32019;;;;;;
0.093141;0.19397;0.26578;0.32144;0.41345;0.48459;0.32077;;;;;;
0.093378;0.19365;0.26558;0.32091;0.41307;0.48543;0.32135;;;;;;
0.093615;0.19334;0.26539;0.32039;0.41268;0.48628;0.32193;;;;;;
0.093852;0.19302;0.2652;0.31986;0.4123;0.48712;0.3225;;;;;;
0.094089;0.1927;0.265;0.31933;0.41191;0.48796;0.32308;;;;;;
0.094326;0.19239;0.26481;0.31881;0.41152;0.48881;0.32367;;;;;;
0.094563;0.19207;0.26461;0.31828;0.41114;0.48965;0.32425;;;;;;
0.0948;0.19175;0.26442;0.31776;0.41075;0.49049;0.32484;;;;;;
0.095037;0.19143;0.26422;0.31723;0.41036;0.49134;0.32542;;;;;;
0.095274;0.19112;0.26403;0.3167;0.40997;0.49218;0.326;;;;;;
0.095511;0.1908;0.26383;0.31618;0.40958;0.49302;0.32659;;;;;;
0.095748;0.19048;0.26363;0.31565;0.40919;0.49387;0.32718;;;;;;
0.095985;0.19016;0.26343;0.31513;0.4088;0.49471;0.32777;;;;;;
0.096222;0.18985;0.26324;0.3146;0.4084;0.49555;0.32836;;;;;;
0.096459;0.18953;0.26304;0.31408;0.40801;0.4964;0.32895;;;;;;
0.096696;0.18921;0.26284;0.31355;0.40762;0.49724;0.32954;;;;;;
0.096933;0.18889;0.26264;0.31302;0.40722;0.49808;0.33014;;;;;;
0.09717;0.18858;0.26244;0.3125;0.40683;0.49892;0.33073;;;;;;
0.097407;0.18826;0.26224;0.31197;0.40644;0.49977;0.33132;;;;;;
0.097644;0.18794;0.26204;0.31145;0.40604;0.50061;0.33192;;;;;;
0.097881;0.18763;0.26184;0.31092;0.40564;0.50145;0.33252;;;;;;
0.098118;0.18731;0.26164;0.31039;0.40525;0.5023;0.33311;;;;;;
0.098355;0.18699;0.26144;0.30987;0.40485;0.50314;0.33371;;;;;;
0.098592;0.18667;0.26124;0.30934;0.40445;0.50398;0.33431;;;;;;
0.098829;0.18636;0.26104;0.30882;0.40405;0.50483;0.33491;;;;;;
0.099066;0.18604;0.26083;0.30829;0.40365;0.50567;0.33552;;;;;;
0.099303;0.18572;0.26063;0.30776;0.40325;0.50651;0.33612;;;;;;
0.09954;0.1854;0.26042;0.30724;0.40285;0.50736;0.33672;;;;;;
0.099777;0.18509;0.26022;0.30671;0.40245;0.5082;0.33733;;;;;;
0.10001;0.18477;0.26002;0.30619;0.40205;0.50904;0.33793;;;;;;
0.10025;0.18445;0.25981;0.30566;0.40165;0.50989;0.33854;;;;;;
0.10049;0.18413;0.25961;0.30514;0.40124;0.51073;0.33915;;;;;;
0.10073;0.18382;0.2594;0.30461;0.40084;0.51157;0.33976;;;;;;
0.10096;0.1835;0.25919;0.30408;0.40044;0.51242;0.34037;;;;;;
0.1012;0.18318;0.25899;0.30356;0.40003;0.51326;0.34098;;;;;;
0.10144;0.18286;0.25878;0.30303;0.39963;0.5141;0.34159;;;;;;
0.10167;0.18255;0.25857;0.30251;0.39922;0.51495;0.34221;;;;;;
0.10191;0.18223;0.25837;0.30198;0.39881;0.51579;0.34282;;;;;;
0.10215;0.18191;0.25816;0.30145;0.39841;0.51663;0.34344;;;;;;
0.10238;0.1816;0.25795;0.30093;0.398;0.51748;0.34405;;;;;;
0.10262;0.18128;0.25774;0.3004;0.39759;0.51832;0.34467;;;;;;
0.10286;0.18096;0.25753;0.29988;0.39718;0.51916;0.34529;;;;;;
0.1031;0.18064;0.25732;0.29935;0.39677;0.52001;0.34591;;;;;;
0.10333;0.18033;0.25711;0.29882;0.39636;0.52085;0.34653;;;;;;
0.10357;0.18001;0.2569;0.2983;0.39595;0.52169;0.34715;;;;;;
0.10381;0.17969;0.25669;0.29777;0.39554;0.52254;0.34778;;;;;;
0.10404;0.17937;0.25648;0.29725;0.39512;0.52338;0.3484;;;;;;
0.10428;0.17906;0.25626;0.29672;0.39471;0.52422;0.34903;;;;;;
0.10452;0.17874;0.25605;0.2962;0.3943;0.52507;0.34965;;;;;;
0.10475;0.17842;0.25584;0.29567;0.39388;0.52591;0.35028;;;;;;
0.10499;0.1781;0.25562;0.29514;0.39347;0.52675;0.35091;;;;;;
0.10523;0.17779;0.25541;0.29462;0.39305;0.52759;0.35154;;;;;;
0.10547;0.17747;0.2552;0.29409;0.39264;0.52844;0.35217;;;;;;
0.1057;0.17715;0.25498;0.29357;0.39222;0.52928;0.3528;;;;;;
0.10594;0.17684;0.25477;0.29304;0.3918;0.53012;0.35343;;;;;;
0.10618;0.17652;0.25455;0.29251;0.39138;0.53097;0.35407;;;;;;
0.10641;0.1762;0.25433;0.29199;0.39096;0.53181;0.3547;;;;;;
0.10665;0.17588;0.25412;0.29146;0.39055;0.53265;0.35534;;;;;;
0.10689;0.17557;0.2539;0.29094;0.39013;0.5335;0.35597;;;;;;
0.10712;0.17525;0.25368;0.29041;0.38971;0.53434;0.35661;;;;;;
0.10736;0.17493;0.25347;0.28988;0.38928;0.53518;0.35725;;;;;;
0.1076;0.17461;0.25325;0.28936;0.38886;0.53603;0.35789;;;;;;
0.10784;0.1743;0.25303;0.28883;0.38844;0.53687;0.35853;;;;;;
0.10807;0.17398;0.25281;0.28831;0.38802;0.53771;0.35918;;;;;;
0.10831;0.17366;0.25259;0.28778;0.38759;0.53856;0.35982;;;;;;
0.10855;0.17334;0.25237;0.28726;0.38717;0.5394;0.36046;;;;;;
0.10878;0.17303;0.25215;0.28673;0.38674;0.54024;0.36111;;;;;;
0.10902;0.17271;0.25193;0.2862;0.38631;0.54109;0.36176;;;;;;
0.10926;0.17239;0.2517;0.28568;0.38589;0.54193;0.36241;;;;;;
0.10949;0.17208;0.25148;0.28515;0.38546;0.54277;0.36305;;;;;;
0.10973;0.17176;0.25126;0.28463;0.38503;0.54362;0.36371;;;;;;
0.10997;0.17144;0.25104;0.2841;0.3846;0.54446;0.36436;;;;;;
0.11021;0.17112;0.25081;0.28357;0.38417;0.5453;0.36501;;;;;;
0.11044;0.17081;0.25059;0.28305;0.38375;0.54615;0.36567;;;;;;
0.11068;0.17049;0.25037;0.28252;0.38332;0.54699;0.36632;;;;;;
0.11092;0.17017;0.25014;0.282;0.38288;0.54783;0.36698;;;;;;
0.11115;0.16985;0.24991;0.28147;0.38245;0.54868;0.36764;;;;;;
0.11139;0.16954;0.24969;0.28094;0.38202;0.54952;0.36829;;;;;;
0.11163;0.16922;0.24946;0.28042;0.38159;0.55036;0.36895;;;;;;
0.11186;0.1689;0.24924;0.27989;0.38115;0.55121;0.36961;;;;;;
0.1121;0.16858;0.24901;0.27937;0.38072;0.55205;0.37028;;;;;;
0.11234;0.16827;0.24878;0.27884;0.38028;0.55289;0.37094;;;;;;
0.11258;0.16795;0.24855;0.27832;0.37984;0.55374;0.3716;;;;;;
0.11281;0.16763;0.24832;0.27779;0.37941;0.55458;0.37227;;;;;;
0.11305;0.16731;0.24809;0.27726;0.37897;0.55542;0.37293;;;;;;
0.11329;0.167;0.24786;0.27674;0.37853;0.55626;0.3736;;;;;;
0.11352;0.16668;0.24763;0.27621;0.37809;0.55711;0.37427;;;;;;
0.11376;0.16636;0.2474;0.27569;0.37765;0.55795;0.37494;;;;;;
0.114;0.16605;0.24717;0.27516;0.37721;0.55879;0.37561;;;;;;
0.11423;0.16573;0.24694;0.27463;0.37678;0.55964;0.37628;;;;;;
0.11447;0.16541;0.24671;0.27411;0.37633;0.56048;0.37696;;;;;;
0.11471;0.16509;0.24647;0.27358;0.37589;0.56132;0.37764;;;;;;
0.11495;0.16478;0.24624;0.27306;0.37545;0.56217;0.37831;;;;;;
0.11518;0.16446;0.24601;0.27253;0.375;0.56301;0.37899;;;;;;
0.11542;0.16414;0.24577;0.272;0.37456;0.56385;0.37967;;;;;;
0.11566;0.16382;0.24554;0.27148;0.37411;0.5647;0.38035;;;;;;
0.11589;0.16351;0.2453;0.27095;0.37367;0.56554;0.38103;;;;;;
0.11613;0.16319;0.24507;0.27043;0.37322;0.56638;0.38171;;;;;;
0.11637;0.16287;0.24483;0.2699;0.37278;0.56723;0.38239;;;;;;
0.1166;0.16255;0.24459;0.26938;0.37233;0.56807;0.38308;;;;;;
0.11684;0.16224;0.24436;0.26885;0.37188;0.56891;0.38376;;;;;;
0.11708;0.16192;0.24412;0.26832;0.37143;0.56976;0.38445;;;;;;
0.11732;0.1616;0.24388;0.2678;0.37098;0.5706;0.38514;;;;;;
0.11755;0.16129;0.24364;0.26727;0.37053;0.57144;0.38583;;;;;;
0.11779;0.16097;0.2434;0.26675;0.37008;0.57229;0.38652;;;;;;
0.11803;0.16065;0.24316;0.26622;0.36963;0.57313;0.38721;;;;;;
0.11826;0.16033;0.24292;0.26569;0.36917;0.57397;0.38791;;;;;;
0.1185;0.16002;0.24268;0.26517;0.36872;0.57482;0.3886;;;;;;
0.11874;0.1597;0.24244;0.26464;0.36827;0.57566;0.3893;;;;;;
0.11897;0.15938;0.2422;0.26412;0.36781;0.5765;0.38999;;;;;;
0.11921;0.15906;0.24196;0.26359;0.36735;0.57735;0.39069;;;;;;
0.11945;0.15875;0.24171;0.26306;0.3669;0.57819;0.39139;;;;;;
0.11969;0.15843;0.24147;0.26254;0.36644;0.57903;0.39209;;;;;;
0.11992;0.15811;0.24123;0.26201;0.36598;0.57988;0.39279;;;;;;
0.12016;0.15779;0.24098;0.26149;0.36553;0.58072;0.39349;;;;;;
0.1204;0.15748;0.24074;0.26096;0.36507;0.58156;0.3942;;;;;;
0.12063;0.15716;0.24049;0.26043;0.36461;0.58241;0.39491;;;;;;
0.12087;0.15684;0.24024;0.25991;0.36414;0.58325;0.39561;;;;;;
0.12111;0.15653;0.24;0.25938;0.36368;0.58409;0.39632;;;;;;
0.12134;0.15621;0.23975;0.25886;0.36322;0.58493;0.39703;;;;;;
0.12158;0.15589;0.2395;0.25833;0.36276;0.58578;0.39774;;;;;;
0.12182;0.15557;0.23925;0.25781;0.36229;0.58662;0.39845;;;;;;
0.12206;0.15526;0.239;0.25728;0.36183;0.58746;0.39917;;;;;;
0.12229;0.15494;0.23876;0.25675;0.36137;0.58831;0.39988;;;;;;
0.12253;0.15462;0.23851;0.25623;0.3609;0.58915;0.40059;;;;;;
0.12277;0.1543;0.23826;0.2557;0.36043;0.58999;0.40131;;;;;;
0.123;0.15399;0.238;0.25518;0.35997;0.59084;0.40203;;;;;;
0.12324;0.15367;0.23775;0.25465;0.3595;0.59168;0.40275;;;;;;
0.12348;0.15335;0.2375;0.25412;0.35903;0.59252;0.40347;;;;;;
0.12371;0.15303;0.23725;0.2536;0.35856;0.59337;0.40419;;;;;;
0.12395;0.15272;0.237;0.25307;0.35809;0.59421;0.40491;;;;;;
0.12419;0.1524;0.23674;0.25255;0.35762;0.59505;0.40564;;;;;;
0.12443;0.15208;0.23649;0.25202;0.35715;0.5959;0.40637;;;;;;
0.12466;0.15176;0.23623;0.25149;0.35667;0.59674;0.40709;;;;;;
0.1249;0.15145;0.23598;0.25097;0.3562;0.59758;0.40782;;;;;;
0.12514;0.15113;0.23572;0.25044;0.35573;0.59843;0.40855;;;;;;
0.12537;0.15081;0.23546;0.24992;0.35525;0.59927;0.40928;;;;;;
0.12561;0.1505;0.23521;0.24939;0.35478;0.60011;0.41002;;;;;;
0.12585;0.15018;0.23495;0.24887;0.3543;0.60096;0.41075;;;;;;
0.12608;0.14986;0.23469;0.24834;0.35382;0.6018;0.41148;;;;;;
0.12632;0.14954;0.23443;0.24781;0.35335;0.60264;0.41222;;;;;;
0.12656;0.14923;0.23417;0.24729;0.35287;0.60349;0.41296;;;;;;
0.1268;0.14891;0.23391;0.24676;0.35239;0.60433;0.4137;;;;;;
0.12703;0.14859;0.23365;0.24624;0.35191;0.60517;0.41444;;;;;;
0.12727;0.14827;0.23339;0.24571;0.35143;0.60602;0.41518;;;;;;
0.12751;0.14796;0.23313;0.24518;0.35095;0.60686;0.41592;;;;;;
0.12774;0.14764;0.23287;0.24466;0.35046;0.6077;0.41667;;;;;;
0.12798;0.14732;0.23261;0.24413;0.34998;0.60855;0.41742;;;;;;
0.12822;0.147;0.23234;0.24361;0.3495;0.60939;0.41816;;;;;;
0.12845;0.14669;0.23208;0.24308;0.34901;0.61023;0.41891;;;;;;
0.12869;0.14637;0.23182;0.24255;0.34853;0.61108;0.41966;;;;;;
0.12893;0.14605;0.23155;0.24203;0.34804;0.61192;0.42041;;;;;;
0.12917;0.14574;0.23128;0.2415;0.34755;0.61276;0.42117;;;;;;
0.1294;0.14542;0.23102;0.24098;0.34706;0.6136;0.42192;;;;;;
0.12964;0.1451;0.23075;0.24045;0.34658;0.61445;0.42267;;;;;;
0.12988;0.14478;0.23048;0.23993;0.34609;0.61529;0.42343;;;;;;
0.13011;0.14447;0.23022;0.2394;0.3456;0.61613;0.42419;;;;;;
0.13035;0.14415;0.22995;0.23887;0.3451;0.61698;0.42495;;;;;;
0.13059;0.14383;0.22968;0.23835;0.34461;0.61782;0.42571;;;;;;
0.13082;0.14351;0.22941;0.23782;0.34412;0.61866;0.42647;;;;;;
0.13106;0.1432;0.22914;0.2373;0.34363;0.61951;0.42723;;;;;;
0.1313;0.14288;0.22887;0.23677;0.34313;0.62035;0.428;;;;;;
0.13154;0.14256;0.2286;0.23624;0.34264;0.62119;0.42877;;;;;;
0.13177;0.14224;0.22832;0.23572;0.34214;0.62204;0.42953;;;;;;
0.13201;0.14193;0.22805;0.23519;0.34165;0.62288;0.4303;;;;;;
0.13225;0.14161;0.22778;0.23467;0.34115;0.62372;0.43107;;;;;;
0.13248;0.14129;0.2275;0.23414;0.34065;0.62457;0.43185;;;;;;
0.13272;0.14098;0.22723;0.23361;0.34015;0.62541;0.43262;;;;;;
0.13296;0.14066;0.22695;0.23309;0.33965;0.62625;0.4334;;;;;;
0.13319;0.14034;0.22668;0.23256;0.33915;0.6271;0.43417;;;;;;
0.13343;0.14002;0.2264;0.23204;0.33865;0.62794;0.43495;;;;;;
0.13367;0.13971;0.22612;0.23151;0.33815;0.62878;0.43573;;;;;;
0.13391;0.13939;0.22585;0.23099;0.33764;0.62963;0.43651;;;;;;
0.13414;0.13907;0.22557;0.23046;0.33714;0.63047;0.43729;;;;;;
0.13438;0.13875;0.22529;0.22993;0.33664;0.63131;0.43807;;;;;;
0.13462;0.13844;0.22501;0.22941;0.33613;0.63216;0.43886;;;;;;
0.13485;0.13812;0.22473;0.22888;0.33562;0.633;0.43965;;;;;;
0.13509;0.1378;0.22445;0.22836;0.33512;0.63384;0.44043;;;;;;
0.13533;0.13748;0.22417;0.22783;0.33461;0.63469;0.44122;;;;;;
0.13556;0.13717;0.22389;0.2273;0.3341;0.63553;0.44201;;;;;;
0.1358;0.13685;0.2236;0.22678;0.33359;0.63637;0.4428;;;;;;
0.13604;0.13653;0.22332;0.22625;0.33308;0.63722;0.4436;;;;;;
0.13628;0.13621;0.22304;0.22573;0.33257;0.63806;0.4444;;;;;;
0.13651;0.1359;0.22275;0.2252;0.33206;0.6389;0.44519;;;;;;
0.13675;0.13558;0.22247;0.22467;0.33155;0.63975;0.44599;;;;;;
0.13699;0.13526;0.22218;0.22415;0.33103;0.64059;0.44679;;;;;;
0.13722;0.13495;0.22189;0.22362;0.33052;0.64143;0.44759;;;;;;
0.13746;0.13463;0.22161;0.2231;0.33;0.64228;0.44839;;;;;;
0.1377;0.13431;0.22132;0.22257;0.32948;0.64312;0.4492;;;;;;
0.13793;0.13399;0.22103;0.22205;0.32897;0.64396;0.45;;;;;;
0.13817;0.13368;0.22074;0.22152;0.32845;0.6448;0.45081;;;;;;
0.13841;0.13336;0.22045;0.22099;0.32793;0.64565;0.45162;;;;;;
0.13865;0.13304;0.22016;0.22047;0.32741;0.64649;0.45243;;;;;;
0.13888;0.13272;0.21987;0.21994;0.32689;0.64733;0.45324;;;;;;
0.13912;0.13241;0.21958;0.21942;0.32637;0.64818;0.45405;;;;;;
0.13936;0.13209;0.21929;0.21889;0.32585;0.64902;0.45486;;;;;;
0.13959;0.13177;0.21899;0.21836;0.32532;0.64986;0.45568;;;;;;
0.13983;0.13145;0.2187;0.21784;0.3248;0.65071;0.4565;;;;;;
0.14007;0.13114;0.21841;0.21731;0.32428;0.65155;0.45732;;;;;;
0.1403;0.13082;0.21811;0.21679;0.32375;0.65239;0.45814;;;;;;
0.14054;0.1305;0.21782;0.21626;0.32322;0.65324;0.45896;;;;;;
0.14078;0.13019;0.21752;0.21573;0.3227;0.65408;0.45979;;;;;;
0.14102;0.12987;0.21722;0.21521;0.32217;0.65492;0.46061;;;;;;
0.14125;0.12955;0.21692;0.21468;0.32164;0.65577;0.46144;;;;;;
0.14149;0.12923;0.21663;0.21416;0.32111;0.65661;0.46226;;;;;;
0.14173;0.12892;0.21633;0.21363;0.32058;0.65745;0.46309;;;;;;
0.14196;0.1286;0.21603;0.2131;0.32005;0.6583;0.46393;;;;;;
0.1422;0.12828;0.21573;0.21258;0.31951;0.65914;0.46476;;;;;;
0.14244;0.12796;0.21542;0.21205;0.31898;0.65998;0.46559;;;;;;
0.14267;0.12765;0.21512;0.21153;0.31845;0.66083;0.46643;;;;;;
0.14291;0.12733;0.21482;0.211;0.31791;0.66167;0.46727;;;;;;
0.14315;0.12701;0.21452;0.21048;0.31738;0.66251;0.46811;;;;;;
0.14339;0.12669;0.21421;0.20995;0.31684;0.66336;0.46895;;;;;;
0.14362;0.12638;0.21391;0.20942;0.3163;0.6642;0.46979;;;;;;
0.14386;0.12606;0.2136;0.2089;0.31576;0.66504;0.47063;;;;;;
0.1441;0.12574;0.2133;0.20837;0.31522;0.66589;0.47148;;;;;;
0.14433;0.12542;0.21299;0.20785;0.31468;0.66673;0.47233;;;;;;
0.14457;0.12511;0.21268;0.20732;0.31414;0.66757;0.47318;;;;;;
0.14481;0.12479;0.21238;0.20679;0.3136;0.66842;0.47403;;;;;;
0.14504;0.12447;0.21207;0.20627;0.31306;0.66926;0.47488;;;;;;
0.14528;0.12416;0.21176;0.20574;0.31251;0.6701;0.47573;;;;;;
0.14552;0.12384;0.21145;0.20522;0.31197;0.67095;0.47659;;;;;;
0.14576;0.12352;0.21114;0.20469;0.31142;0.67179;0.47744;;;;;;
0.14599;0.1232;0.21082;0.20416;0.31087;0.67263;0.4783;;;;;;
0.14623;0.12289;0.21051;0.20364;0.31033;0.67347;0.47916;;;;;;
0.14647;0.12257;0.2102;0.20311;0.30978;0.67432;0.48002;;;;;;
0.1467;0.12225;0.20989;0.20259;0.30923;0.67516;0.48089;;;;;;
0.14694;0.12193;0.20957;0.20206;0.30868;0.676;0.48175;;;;;;
0.14718;0.12162;0.20926;0.20154;0.30813;0.67685;0.48262;;;;;;
0.14741;0.1213;0.20894;0.20101;0.30757;0.67769;0.48348;;;;;;
0.14765;0.12098;0.20862;0.20048;0.30702;0.67853;0.48435;;;;;;
0.14789;0.12066;0.20831;0.19996;0.30647;0.67938;0.48523;;;;;;
0.14813;0.12035;0.20799;0.19943;0.30591;0.68022;0.4861;;;;;;
0.14836;0.12003;0.20767;0.19891;0.30535;0.68106;0.48698;;;;;;
0.1486;0.11971;0.20735;0.19838;0.3048;0.68191;0.48785;;;;;;
0.14884;0.1194;0.20703;0.19785;0.30424;0.68275;0.48873;;;;;;
0.14907;0.11908;0.20671;0.19733;0.30368;0.68359;0.48961;;;;;;
0.14931;0.11876;0.20639;0.1968;0.30312;0.68444;0.49049;;;;;;
0.14955;0.11844;0.20606;0.19628;0.30256;0.68528;0.49138;;;;;;
0.14978;0.11813;0.20574;0.19575;0.302;0.68612;0.49226;;;;;;
0.15002;0.11781;0.20542;0.19522;0.30144;0.68697;0.49314;;;;;;
0.15026;0.11749;0.20509;0.1947;0.30087;0.68781;0.49404;;;;;;
0.1505;0.11717;0.20476;0.19417;0.30031;0.68865;0.49493;;;;;;
0.15073;0.11686;0.20444;0.19365;0.29974;0.6895;0.49582;;;;;;
0.15097;0.11654;0.20411;0.19312;0.29918;0.69034;0.49671;;;;;;
0.15121;0.11622;0.20378;0.1926;0.29861;0.69118;0.4976;;;;;;
0.15144;0.1159;0.20345;0.19207;0.29804;0.69203;0.4985;;;;;;
0.15168;0.11559;0.20312;0.19154;0.29747;0.69287;0.4994;;;;;;
0.15192;0.11527;0.20279;0.19102;0.2969;0.69371;0.5003;;;;;;
0.15215;0.11495;0.20246;0.19049;0.29633;0.69456;0.5012;;;;;;
0.15239;0.11464;0.20213;0.18997;0.29576;0.6954;0.5021;;;;;;
0.15263;0.11432;0.2018;0.18944;0.29519;0.69624;0.50301;;;;;;
0.15287;0.114;0.20147;0.18891;0.29461;0.69709;0.50392;;;;;;
0.1531;0.11368;0.20113;0.18839;0.29404;0.69793;0.50483;;;;;;
0.15334;0.11337;0.2008;0.18786;0.29346;0.69877;0.50574;;;;;;
0.15358;0.11305;0.20046;0.18734;0.29289;0.69962;0.50665;;;;;;
0.15381;0.11273;0.20012;0.18681;0.29231;0.70046;0.50757;;;;;;
0.15405;0.11241;0.19979;0.18628;0.29173;0.7013;0.50848;;;;;;
0.15429;0.1121;0.19945;0.18576;0.29115;0.70215;0.5094;;;;;;
0.15452;0.11178;0.19911;0.18523;0.29057;0.70299;0.51032;;;;;;
0.15476;0.11146;0.19877;0.18471;0.28999;0.70383;0.51124;;;;;;
0.155;0.11114;0.19843;0.18418;0.2894;0.70467;0.51217;;;;;;
0.15524;0.11083;0.19809;0.18366;0.28882;0.70552;0.51309;;;;;;
0.15547;0.11051;0.19775;0.18313;0.28824;0.70636;0.51402;;;;;;
0.15571;0.11019;0.1974;0.1826;0.28765;0.7072;0.51494;;;;;;
0.15595;0.10987;0.19706;0.18208;0.28707;0.70805;0.51587;;;;;;
0.15618;0.10956;0.19672;0.18155;0.28648;0.70889;0.51681;;;;;;
0.15642;0.10924;0.19637;0.18103;0.28589;0.70973;0.51774;;;;;;
0.15666;0.10892;0.19602;0.1805;0.2853;0.71058;0.51868;;;;;;
0.15689;0.10861;0.19568;0.17997;0.28471;0.71142;0.51962;;;;;;
0.15713;0.10829;0.19533;0.17945;0.28412;0.71226;0.52055;;;;;;
0.15737;0.10797;0.19498;0.17892;0.28352;0.71311;0.5215;;;;;;
0.15761;0.10765;0.19463;0.1784;0.28293;0.71395;0.52244;;;;;;
0.15784;0.10734;0.19428;0.17787;0.28233;0.71479;0.52339;;;;;;
0.15808;0.10702;0.19393;0.17734;0.28174;0.71564;0.52433;;;;;;
0.15832;0.1067;0.19358;0.17682;0.28114;0.71648;0.52528;;;;;;
0.15855;0.10638;0.19322;0.17629;0.28054;0.71732;0.52623;;;;;;
0.15879;0.10607;0.19287;0.17577;0.27994;0.71817;0.52719;;;;;;
0.15903;0.10575;0.19252;0.17524;0.27934;0.71901;0.52814;;;;;;
0.15926;0.10543;0.19216;0.17471;0.27874;0.71985;0.52909;;;;;;
0.1595;0.10511;0.19181;0.17419;0.27814;0.7207;0.53005;;;;;;
0.15974;0.1048;0.19145;0.17366;0.27754;0.72154;0.53101;;;;;;
0.15998;0.10448;0.19109;0.17314;0.27693;0.72238;0.53198;;;;;;
0.16021;0.10416;0.19073;0.17261;0.27633;0.72323;0.53294;;;;;;
0.16045;0.10385;0.19037;0.17209;0.27572;0.72407;0.5339;;;;;;
0.16069;0.10353;0.19001;0.17156;0.27512;0.72491;0.53487;;;;;;
0.16092;0.10321;0.18965;0.17103;0.27451;0.72576;0.53584;;;;;;
0.16116;0.10289;0.18929;0.17051;0.2739;0.7266;0.53682;;;;;;
0.1614;0.10258;0.18892;0.16998;0.27329;0.72744;0.53779;;;;;;
0.16163;0.10226;0.18856;0.16946;0.27268;0.72829;0.53876;;;;;;
0.16187;0.10194;0.1882;0.16893;0.27207;0.72913;0.53974;;;;;;
0.16211;0.10162;0.18783;0.1684;0.27145;0.72997;0.54072;;;;;;
0.16235;0.10131;0.18746;0.16788;0.27084;0.73082;0.5417;;;;;;
0.16258;0.10099;0.18709;0.16735;0.27022;0.73166;0.54269;;;;;;
0.16282;0.10067;0.18673;0.16683;0.26961;0.7325;0.54367;;;;;;
0.16306;0.10035;0.18636;0.1663;0.26899;0.73335;0.54465;;;;;;
0.16329;0.10004;0.18599;0.16577;0.26837;0.73419;0.54565;;;;;;
0.16353;0.09972;0.18561;0.16525;0.26775;0.73503;0.54664;;;;;;
0.16377;0.099402;0.18524;0.16472;0.26713;0.73587;0.54763;;;;;;
0.164;0.099085;0.18487;0.1642;0.26651;0.73672;0.54862;;;;;;
0.16424;0.098768;0.1845;0.16367;0.26589;0.73756;0.54962;;;;;;
0.16448;0.09845;0.18412;0.16315;0.26526;0.7384;0.55062;;;;;;
0.16472;0.098133;0.18374;0.16262;0.26463;0.73925;0.55162;;;;;;
0.16495;0.097816;0.18337;0.16209;0.26401;0.74009;0.55263;;;;;;
0.16519;0.097498;0.18299;0.16157;0.26338;0.74093;0.55363;;;;;;
0.16543;0.097181;0.18261;0.16104;0.26275;0.74178;0.55463;;;;;;
0.16566;0.096863;0.18223;0.16052;0.26212;0.74262;0.55565;;;;;;
0.1659;0.096546;0.18185;0.15999;0.26149;0.74346;0.55666;;;;;;
0.16614;0.096229;0.18147;0.15946;0.26086;0.74431;0.55767;;;;;;
0.16637;0.095911;0.18109;0.15894;0.26023;0.74515;0.55868;;;;;;
0.16661;0.095594;0.18071;0.15841;0.2596;0.74599;0.5597;;;;;;
0.16685;0.095277;0.18032;0.15789;0.25896;0.74684;0.56072;;;;;;
0.16709;0.094959;0.17993;0.15736;0.25832;0.74768;0.56174;;;;;;
0.16732;0.094642;0.17955;0.15683;0.25768;0.74852;0.56277;;;;;;
0.16756;0.094325;0.17916;0.15631;0.25705;0.74937;0.56379;;;;;;
0.1678;0.094007;0.17878;0.15578;0.25641;0.75021;0.56481;;;;;;
0.16803;0.09369;0.17839;0.15526;0.25577;0.75105;0.56585;;;;;;
0.16827;0.093373;0.17799;0.15473;0.25512;0.7519;0.56688;;;;;;
0.16851;0.093055;0.1776;0.1542;0.25448;0.75274;0.56792;;;;;;
0.16874;0.092738;0.17721;0.15368;0.25384;0.75358;0.56895;;;;;;
0.16898;0.092421;0.17682;0.15315;0.25319;0.75443;0.56998;;;;;;
0.16922;0.092103;0.17643;0.15263;0.25255;0.75527;0.57103;;;;;;
0.16946;0.091786;0.17603;0.1521;0.2519;0.75611;0.57207;;;;;;
0.16969;0.091468;0.17563;0.15158;0.25125;0.75696;0.57312;;;;;;
0.16993;0.091151;0.17524;0.15105;0.2506;0.7578;0.57416;;;;;;
0.17017;0.090834;0.17484;0.15052;0.24995;0.75864;0.57521;;;;;;
0.1704;0.090516;0.17444;0.15;0.2493;0.75949;0.57626;;;;;;
0.17064;0.090199;0.17404;0.14947;0.24864;0.76033;0.57732;;;;;;
0.17088;0.089882;0.17364;0.14895;0.24799;0.76117;0.57837;;;;;;
0.17111;0.089564;0.17324;0.14842;0.24733;0.76202;0.57943;;;;;;
0.17135;0.089247;0.17284;0.14789;0.24668;0.76286;0.58048;;;;;;
0.17159;0.08893;0.17243;0.14737;0.24602;0.7637;0.58155;;;;;;
0.17183;0.088612;0.17203;0.14684;0.24536;0.76455;0.58261;;;;;;
0.17206;0.088295;0.17162;0.14632;0.2447;0.76539;0.58368;;;;;;
0.1723;0.087978;0.17122;0.14579;0.24404;0.76623;0.58475;;;;;;
0.17254;0.08766;0.17081;0.14526;0.24338;0.76708;0.58581;;;;;;
0.17277;0.087343;0.1704;0.14474;0.24271;0.76792;0.58689;;;;;;
0.17301;0.087026;0.16999;0.14421;0.24205;0.76876;0.58797;;;;;;
0.17325;0.086708;0.16958;0.14369;0.24138;0.7696;0.58904;;;;;;
0.17348;0.086391;0.16917;0.14316;0.24071;0.77045;0.59012;;;;;;
0.17372;0.086073;0.16876;0.14264;0.24005;0.77129;0.5912;;;;;;
0.17396;0.085756;0.16834;0.14211;0.23938;0.77213;0.59228;;;;;;
0.1742;0.085439;0.16792;0.14158;0.2387;0.77298;0.59337;;;;;;
0.17443;0.085121;0.16751;0.14106;0.23803;0.77382;0.59446;;;;;;
0.17467;0.084804;0.16709;0.14053;0.23736;0.77466;0.59555;;;;;;
0.17491;0.084487;0.16668;0.14001;0.23669;0.77551;0.59664;;;;;;
0.17514;0.084169;0.16625;0.13948;0.23601;0.77635;0.59774;;;;;;
0.17538;0.083852;0.16583;0.13895;0.23533;0.77719;0.59884;;;;;;
0.17562;0.083535;0.16541;0.13843;0.23465;0.77804;0.59994;;;;;;
0.17585;0.083217;0.16499;0.1379;0.23397;0.77888;0.60104;;;;;;
0.17609;0.0829;0.16457;0.13738;0.2333;0.77972;0.60214;;;;;;
0.17633;0.082583;0.16414;0.13685;0.23261;0.78057;0.60325;;;;;;
0.17657;0.082265;0.16371;0.13632;0.23193;0.78141;0.60436;;;;;;
0.1768;0.081948;0.16329;0.1358;0.23124;0.78225;0.60547;;;;;;
0.17704;0.081631;0.16286;0.13527;0.23056;0.7831;0.60658;;;;;;
0.17728;0.081313;0.16243;0.13475;0.22987;0.78394;0.60769;;;;;;
0.17751;0.080996;0.162;0.13422;0.22918;0.78478;0.60881;;;;;;
0.17775;0.080678;0.16157;0.1337;0.22849;0.78563;0.60994;;;;;;
0.17799;0.080361;0.16114;0.13317;0.2278;0.78647;0.61106;;;;;;
0.17822;0.080044;0.1607;0.13264;0.22711;0.78731;0.61218;;;;;;
0.17846;0.079726;0.16027;0.13212;0.22642;0.78816;0.61331;;;;;;
0.1787;0.079409;0.15983;0.13159;0.22573;0.789;0.61444;;;;;;
0.17894;0.079092;0.1594;0.13107;0.22503;0.78984;0.61558;;;;;;
0.17917;0.078774;0.15896;0.13054;0.22433;0.79069;0.61671;;;;;;
0.17941;0.078457;0.15852;0.13001;0.22363;0.79153;0.61785;;;;;;
0.17965;0.07814;0.15808;0.12949;0.22294;0.79237;0.61898;;;;;;
0.17988;0.077822;0.15764;0.12896;0.22223;0.79322;0.62013;;;;;;
0.18012;0.077505;0.1572;0.12844;0.22153;0.79406;0.62127;;;;;;
0.18036;0.077188;0.15675;0.12791;0.22083;0.7949;0.62242;;;;;;
0.18059;0.07687;0.15631;0.12738;0.22012;0.79575;0.62357;;;;;;
0.18083;0.076553;0.15586;0.12686;0.21942;0.79659;0.62472;;;;;;
0.18107;0.076236;0.15542;0.12633;0.21871;0.79743;0.62587;;;;;;
0.18131;0.075918;0.15497;0.12581;0.218;0.79828;0.62703;;;;;;
0.18154;0.075601;0.15452;0.12528;0.21729;0.79912;0.62819;;;;;;
0.18178;0.075283;0.15407;0.12475;0.21658;0.79996;0.62935;;;;;;
0.18202;0.074966;0.15362;0.12423;0.21587;0.8008;0.63051;;;;;;
0.18225;0.074649;0.15316;0.1237;0.21516;0.80165;0.63168;;;;;;
0.18249;0.074331;0.15271;0.12318;0.21444;0.80249;0.63285;;;;;;
0.18273;0.074014;0.15225;0.12265;0.21372;0.80333;0.63403;;;;;;
0.18296;0.073697;0.15179;0.12213;0.21301;0.80418;0.6352;;;;;;
0.1832;0.073379;0.15134;0.1216;0.21229;0.80502;0.63637;;;;;;
0.18344;0.073062;0.15088;0.12107;0.21157;0.80586;0.63755;;;;;;
0.18368;0.072745;0.15042;0.12055;0.21085;0.80671;0.63874;;;;;;
0.18391;0.072427;0.14996;0.12002;0.21012;0.80755;0.63992;;;;;;
0.18415;0.07211;0.14949;0.1195;0.2094;0.80839;0.64111;;;;;;
0.18439;0.071793;0.14903;0.11897;0.20868;0.80924;0.64229;;;;;;
0.18462;0.071475;0.14857;0.11844;0.20795;0.81008;0.64349;;;;;;
0.18486;0.071158;0.1481;0.11792;0.20722;0.81092;0.64468;;;;;;
0.1851;0.070841;0.14763;0.11739;0.20649;0.81177;0.64588;;;;;;
0.18533;0.070523;0.14716;0.11687;0.20576;0.81261;0.64708;;;;;;
0.18557;0.070206;0.14669;0.11634;0.20503;0.81345;0.64828;;;;;;
0.18581;0.069888;0.14622;0.11581;0.20429;0.8143;0.64948;;;;;;
0.18605;0.069571;0.14575;0.11529;0.20356;0.81514;0.6507;;;;;;
0.18628;0.069254;0.14527;0.11476;0.20282;0.81598;0.65191;;;;;;
0.18652;0.068936;0.1448;0.11424;0.20208;0.81683;0.65312;;;;;;
0.18676;0.068619;0.14433;0.11371;0.20135;0.81767;0.65433;;;;;;
0.18699;0.068302;0.14385;0.11319;0.2006;0.81851;0.65555;;;;;;
0.18723;0.067984;0.14337;0.11266;0.19986;0.81936;0.65677;;;;;;
0.18747;0.067667;0.14289;0.11213;0.19912;0.8202;0.658;;;;;;
0.1877;0.06735;0.14241;0.11161;0.19837;0.82104;0.65922;;;;;;
0.18794;0.067032;0.14192;0.11108;0.19763;0.82189;0.66045;;;;;;
0.18818;0.066715;0.14144;0.11056;0.19688;0.82273;0.66168;;;;;;
0.18842;0.066398;0.14095;0.11003;0.19613;0.82357;0.66292;;;;;;
0.18865;0.06608;0.14047;0.1095;0.19538;0.82442;0.66416;;;;;;
0.18889;0.065763;0.13998;0.10898;0.19463;0.82526;0.66539;;;;;;
0.18913;0.065445;0.13949;0.10845;0.19388;0.8261;0.66663;;;;;;
0.18936;0.065128;0.139;0.10793;0.19312;0.82695;0.66788;;;;;;
0.1896;0.064811;0.13851;0.1074;0.19236;0.82779;0.66913;;;;;;
0.18984;0.064493;0.13801;0.10687;0.1916;0.82863;0.67038;;;;;;
0.19007;0.064176;0.13752;0.10635;0.19085;0.82948;0.67164;;;;;;
0.19031;0.063859;0.13702;0.10582;0.19009;0.83032;0.67289;;;;;;
0.19055;0.063541;0.13653;0.1053;0.18933;0.83116;0.67415;;;;;;
0.19079;0.063224;0.13603;0.10477;0.18856;0.83201;0.67541;;;;;;
0.19102;0.062907;0.13553;0.10424;0.18779;0.83285;0.67668;;;;;;
0.19126;0.062589;0.13503;0.10372;0.18703;0.83369;0.67795;;;;;;
0.1915;0.062272;0.13452;0.10319;0.18626;0.83454;0.67921;;;;;;
0.19173;0.061955;0.13402;0.10267;0.18549;0.83538;0.68049;;;;;;
0.19197;0.061637;0.13351;0.10214;0.18472;0.83622;0.68177;;;;;;
0.19221;0.06132;0.13301;0.10162;0.18395;0.83706;0.68305;;;;;;
0.19244;0.061003;0.1325;0.10109;0.18318;0.83791;0.68433;;;;;;
0.19268;0.060685;0.13199;0.10056;0.1824;0.83875;0.68561;;;;;;
0.19292;0.060368;0.13148;0.10004;0.18163;0.83959;0.6869;;;;;;
0.19316;0.06005;0.13096;0.099512;0.18085;0.84044;0.68819;;;;;;
0.19339;0.059733;0.13045;0.098986;0.18007;0.84128;0.68948;;;;;;
0.19363;0.059416;0.12994;0.09846;0.17929;0.84212;0.69078;;;;;;
0.19387;0.059098;0.12942;0.097934;0.1785;0.84297;0.69207;;;;;;
0.1941;0.058781;0.1289;0.097408;0.17772;0.84381;0.69338;;;;;;
0.19434;0.058464;0.12838;0.096882;0.17693;0.84465;0.69469;;;;;;
0.19458;0.058146;0.12786;0.096356;0.17614;0.8455;0.696;;;;;;
0.19481;0.057829;0.12734;0.09583;0.17536;0.84634;0.69731;;;;;;
0.19505;0.057512;0.12682;0.095305;0.17457;0.84718;0.69862;;;;;;
0.19529;0.057194;0.12629;0.094779;0.17378;0.84803;0.69993;;;;;;
0.19553;0.056877;0.12576;0.094253;0.17298;0.84887;0.70126;;;;;;
0.19576;0.05656;0.12523;0.093727;0.17219;0.84971;0.70258;;;;;;
0.196;0.056242;0.1247;0.093201;0.17139;0.85056;0.70391;;;;;;
0.19624;0.055925;0.12417;0.092675;0.17059;0.8514;0.70523;;;;;;
0.19647;0.055608;0.12364;0.092149;0.16979;0.85224;0.70656;;;;;;
0.19671;0.05529;0.12311;0.091623;0.16899;0.85309;0.7079;;;;;;
0.19695;0.054973;0.12257;0.091097;0.16819;0.85393;0.70924;;;;;;
0.19718;0.054655;0.12203;0.090571;0.16738;0.85477;0.71058;;;;;;
0.19742;0.054338;0.1215;0.090046;0.16658;0.85562;0.71192;;;;;;
0.19766;0.054021;0.12096;0.08952;0.16577;0.85646;0.71327;;;;;;
0.1979;0.053703;0.12041;0.088994;0.16496;0.8573;0.71463;;;;;;
0.19813;0.053386;0.11987;0.088468;0.16415;0.85815;0.71598;;;;;;
0.19837;0.053069;0.11932;0.087942;0.16334;0.85899;0.71734;;;;;;
0.19861;0.052751;0.11878;0.087416;0.16253;0.85983;0.71869;;;;;;
0.19884;0.052434;0.11823;0.08689;0.16171;0.86068;0.72006;;;;;;
0.19908;0.052117;0.11768;0.086364;0.16089;0.86152;0.72143;;;;;;
0.19932;0.051799;0.11713;0.085838;0.16007;0.86236;0.7228;;;;;;
0.19955;0.051482;0.11658;0.085312;0.15925;0.86321;0.72417;;;;;;
0.19979;0.051165;0.11602;0.084787;0.15844;0.86405;0.72554;;;;;;
0.20003;0.050847;0.11547;0.084261;0.15761;0.86489;0.72692;;;;;;
0.20027;0.05053;0.11491;0.083735;0.15678;0.86574;0.72831;;;;;;
0.2005;0.050212;0.11435;0.083209;0.15596;0.86658;0.72969;;;;;;
0.20074;0.049895;0.11379;0.082683;0.15513;0.86742;0.73108;;;;;;
0.20098;0.049578;0.11323;0.082157;0.1543;0.86827;0.73247;;;;;;
0.20121;0.04926;0.11267;0.081631;0.15347;0.86911;0.73386;;;;;;
0.20145;0.048943;0.1121;0.081105;0.15263;0.86995;0.73527;;;;;;
0.20169;0.048626;0.11153;0.080579;0.1518;0.87079;0.73667;;;;;;
0.20192;0.048308;0.11096;0.080054;0.15096;0.87164;0.73808;;;;;;
0.20216;0.047991;0.11039;0.079528;0.15013;0.87248;0.73948;;;;;;
0.2024;0.047674;0.10982;0.079002;0.14929;0.87332;0.74089;;;;;;
0.20264;0.047356;0.10925;0.078476;0.14844;0.87417;0.74231;;;;;;
0.20287;0.047039;0.10867;0.07795;0.1476;0.87501;0.74373;;;;;;
0.20311;0.046722;0.10809;0.077424;0.14675;0.87585;0.74515;;;;;;
0.20335;0.046404;0.10752;0.076898;0.14591;0.8767;0.74657;;;;;;
0.20358;0.046087;0.10694;0.076372;0.14506;0.87754;0.748;;;;;;
0.20382;0.04577;0.10635;0.075846;0.14421;0.87838;0.74944;;;;;;
0.20406;0.045452;0.10577;0.07532;0.14335;0.87923;0.75088;;;;;;
0.20429;0.045135;0.10518;0.074795;0.1425;0.88007;0.75231;;;;;;
0.20453;0.044817;0.1046;0.074269;0.14165;0.88091;0.75375;;;;;;
0.20477;0.0445;0.10401;0.073743;0.14079;0.88176;0.7552;;;;;;
0.20501;0.044183;0.10342;0.073217;0.13993;0.8826;0.75665;;;;;;
0.20524;0.043865;0.10283;0.072691;0.13907;0.88344;0.75811;;;;;;
0.20548;0.043548;0.10223;0.072165;0.13821;0.88429;0.75956;;;;;;
0.20572;0.043231;0.10164;0.071639;0.13734;0.88513;0.76102;;;;;;
0.20595;0.042913;0.10104;0.071113;0.13648;0.88597;0.76248;;;;;;
0.20619;0.042596;0.10044;0.070587;0.13561;0.88682;0.76395;;;;;;
0.20643;0.042279;0.099838;0.070061;0.13474;0.88766;0.76542;;;;;;
0.20666;0.041961;0.099236;0.069536;0.13387;0.8885;0.7669;;;;;;
0.2069;0.041644;0.098634;0.06901;0.133;0.88935;0.76837;;;;;;
0.20714;0.041327;0.098029;0.068484;0.13212;0.89019;0.76985;;;;;;
0.20738;0.041009;0.097417;0.067958;0.13124;0.89103;0.77134;;;;;;
0.20761;0.040692;0.096806;0.067432;0.13036;0.89188;0.77283;;;;;;
0.20785;0.040375;0.096195;0.066906;0.12948;0.89272;0.77432;;;;;;
0.20809;0.040057;0.095584;0.06638;0.1286;0.89356;0.77581;;;;;;
0.20832;0.03974;0.09497;0.065854;0.12772;0.89441;0.77731;;;;;;
0.20856;0.039422;0.094349;0.065328;0.12683;0.89525;0.77882;;;;;;
0.2088;0.039105;0.093729;0.064802;0.12594;0.89609;0.78033;;;;;;
0.20903;0.038788;0.093109;0.064277;0.12505;0.89694;0.78184;;;;;;
0.20927;0.03847;0.092488;0.063751;0.12417;0.89778;0.78335;;;;;;
0.20951;0.038153;0.091865;0.063225;0.12327;0.89862;0.78486;;;;;;
0.20975;0.037836;0.091235;0.062699;0.12238;0.89947;0.78639;;;;;;
0.20998;0.037518;0.090605;0.062173;0.12148;0.90031;0.78792;;;;;;
0.21022;0.037201;0.089976;0.061647;0.12058;0.90115;0.78945;;;;;;
0.21046;0.036884;0.089346;0.061121;0.11968;0.902;0.79097;;;;;;
0.21069;0.036566;0.088713;0.060595;0.11878;0.90284;0.79251;;;;;;
0.21093;0.036249;0.088074;0.060069;0.11787;0.90368;0.79405;;;;;;
0.21117;0.035932;0.087434;0.059543;0.11696;0.90453;0.7956;;;;;;
0.2114;0.035614;0.086795;0.059018;0.11606;0.90537;0.79715;;;;;;
0.21164;0.035297;0.086155;0.058492;0.11515;0.90621;0.7987;;;;;;
0.21188;0.03498;0.085513;0.057966;0.11424;0.90705;0.80025;;;;;;
0.21212;0.034662;0.084864;0.05744;0.11332;0.9079;0.80182;;;;;;
0.21235;0.034345;0.084215;0.056914;0.1124;0.90874;0.80338;;;;;;
0.21259;0.034027;0.083565;0.056388;0.11148;0.90958;0.80495;;;;;;
0.21283;0.03371;0.082916;0.055862;0.11057;0.91043;0.80652;;;;;;
0.21306;0.033393;0.082264;0.055336;0.10965;0.91127;0.80809;;;;;;
0.2133;0.033075;0.081605;0.05481;0.10872;0.91211;0.80968;;;;;;
0.21354;0.032758;0.080945;0.054284;0.10779;0.91296;0.81126;;;;;;
0.21377;0.032441;0.080286;0.053759;0.10686;0.9138;0.81285;;;;;;
0.21401;0.032123;0.079626;0.053233;0.10594;0.91464;0.81444;;;;;;
0.21425;0.031806;0.078965;0.052707;0.10501;0.91549;0.81603;;;;;;
0.21449;0.031489;0.078295;0.052181;0.10407;0.91633;0.81763;;;;;;
0.21472;0.031171;0.077625;0.051655;0.10313;0.91717;0.81924;;;;;;
0.21496;0.030854;0.076955;0.051129;0.1022;0.91802;0.82085;;;;;;
0.2152;0.030537;0.076285;0.050603;0.10126;0.91886;0.82246;;;;;;
0.21543;0.030219;0.075614;0.050077;0.10032;0.9197;0.82407;;;;;;
0.21567;0.029902;0.074933;0.049551;0.09937;0.92055;0.8257;;;;;;
0.21591;0.029584;0.074253;0.049025;0.098423;0.92139;0.82732;;;;;;
0.21614;0.029267;0.073572;0.0485;0.097475;0.92223;0.82895;;;;;;
0.21638;0.02895;0.072892;0.047974;0.096527;0.92308;0.83058;;;;;;
0.21662;0.028632;0.07221;0.047448;0.095578;0.92392;0.83221;;;;;;
0.21686;0.028315;0.071519;0.046922;0.094619;0.92476;0.83386;;;;;;
0.21709;0.027998;0.070827;0.046396;0.093661;0.92561;0.83551;;;;;;
0.21733;0.02768;0.070136;0.04587;0.092703;0.92645;0.83716;;;;;;
0.21757;0.027363;0.069445;0.045344;0.091745;0.92729;0.83881;;;;;;
0.2178;0.027046;0.068752;0.044818;0.090785;0.92814;0.84046;;;;;;
0.21804;0.026728;0.06805;0.044292;0.089816;0.92898;0.84213;;;;;;
0.21828;0.026411;0.067347;0.043766;0.088848;0.92982;0.84381;;;;;;
0.21851;0.026094;0.066645;0.043241;0.087879;0.93067;0.84548;;;;;;
0.21875;0.025776;0.065943;0.042715;0.08691;0.93151;0.84715;;;;;;
0.21899;0.025459;0.065239;0.042189;0.08594;0.93235;0.84882;;;;;;
0.21923;0.025142;0.064525;0.041663;0.08496;0.9332;0.85051;;;;;;
0.21946;0.024824;0.063811;0.041137;0.083981;0.93404;0.85221;;;;;;
0.2197;0.024507;0.063098;0.040611;0.083001;0.93488;0.8539;;;;;;
0.21994;0.024189;0.062384;0.040085;0.082021;0.93573;0.85559;;;;;;
0.22017;0.023872;0.061669;0.039559;0.081041;0.93657;0.85729;;;;;;
0.22041;0.023555;0.060944;0.039033;0.08005;0.93741;0.85901;;;;;;
0.22065;0.023237;0.060218;0.038507;0.079059;0.93826;0.86072;;;;;;
0.22088;0.02292;0.059493;0.037982;0.078068;0.9391;0.86244;;;;;;
0.22112;0.022603;0.058767;0.037456;0.077078;0.93994;0.86415;;;;;;
0.22136;0.022285;0.058041;0.03693;0.076086;0.94078;0.86587;;;;;;
0.2216;0.021968;0.057304;0.036404;0.075084;0.94163;0.86761;;;;;;
0.22183;0.021651;0.056566;0.035878;0.074082;0.94247;0.86935;;;;;;
0.22207;0.021333;0.055829;0.035352;0.07308;0.94331;0.87109;;;;;;
0.22231;0.021016;0.055092;0.034826;0.072078;0.94416;0.87283;;;;;;
0.22254;0.020699;0.054354;0.0343;0.071076;0.945;0.87457;;;;;;
0.22278;0.020381;0.053604;0.033774;0.070062;0.94584;0.87633;;;;;;
0.22302;0.020064;0.052854;0.033248;0.069049;0.94669;0.8781;;;;;;
0.22325;0.019746;0.052105;0.032723;0.068036;0.94753;0.87986;;;;;;
0.22349;0.019429;0.051355;0.032197;0.067022;0.94837;0.88162;;;;;;
0.22373;0.019112;0.050605;0.031671;0.066008;0.94922;0.88339;;;;;;
0.22397;0.018794;0.049843;0.031145;0.064983;0.95006;0.88517;;;;;;
0.2242;0.018477;0.049081;0.030619;0.063958;0.9509;0.88696;;;;;;
0.22444;0.01816;0.048318;0.030093;0.062933;0.95175;0.88875;;;;;;
0.22468;0.017842;0.047556;0.029567;0.061908;0.95259;0.89054;;;;;;
0.22491;0.017525;0.046794;0.029041;0.060882;0.95343;0.89232;;;;;;
0.22515;0.017208;0.046019;0.028515;0.059845;0.95428;0.89414;;;;;;
0.22539;0.01689;0.045243;0.027989;0.058808;0.95512;0.89595;;;;;;
0.22562;0.016573;0.044468;0.027464;0.057771;0.95596;0.89776;;;;;;
0.22586;0.016256;0.043693;0.026938;0.056734;0.95681;0.89957;;;;;;
0.2261;0.015938;0.042918;0.026412;0.055697;0.95765;0.90139;;;;;;
0.22634;0.015621;0.04213;0.025886;0.054648;0.95849;0.90322;;;;;;
0.22657;0.015304;0.041341;0.02536;0.053598;0.95934;0.90506;;;;;;
0.22681;0.014986;0.040553;0.024834;0.052549;0.96018;0.9069;;;;;;
0.22705;0.014669;0.039765;0.024308;0.0515;0.96102;0.90874;;;;;;
0.22728;0.014351;0.038976;0.023782;0.05045;0.96187;0.91057;;;;;;
0.22752;0.014034;0.038175;0.023256;0.049389;0.96271;0.91244;;;;;;
0.22776;0.013717;0.037373;0.02273;0.048327;0.96355;0.9143;;;;;;
0.22799;0.013399;0.036571;0.022205;0.047265;0.9644;0.91616;;;;;;
0.22823;0.013082;0.035769;0.021679;0.046204;0.96524;0.91803;;;;;;
0.22847;0.012765;0.034967;0.021153;0.045142;0.96608;0.91989;;;;;;
0.22871;0.012447;0.034151;0.020627;0.044068;0.96693;0.92178;;;;;;
0.22894;0.01213;0.033335;0.020101;0.042993;0.96777;0.92367;;;;;;
0.22918;0.011813;0.032519;0.019575;0.041919;0.96861;0.92556;;;;;;
0.22942;0.011495;0.031703;0.019049;0.040844;0.96946;0.92745;;;;;;
0.22965;0.011178;0.030887;0.018523;0.03977;0.9703;0.92934;;;;;;
0.22989;0.010861;0.030058;0.017997;0.038683;0.97114;0.93126;;;;;;
0.23013;0.010543;0.029228;0.017471;0.037596;0.97199;0.93318;;;;;;
0.23036;0.010226;0.028397;0.016946;0.036508;0.97283;0.93509;;;;;;
0.2306;0.0099085;0.027567;0.01642;0.035421;0.97367;0.93701;;;;;;
0.23084;0.0095911;0.026737;0.015894;0.034333;0.97452;0.93893;;;;;;
0.23108;0.0092738;0.025893;0.015368;0.033233;0.97536;0.94087;;;;;;
0.23131;0.0089564;0.025048;0.014842;0.032133;0.9762;0.94282;;;;;;
0.23155;0.008639;0.024202;0.014316;0.031032;0.97704;0.94477;;;;;;
0.23179;0.0083217;0.023357;0.01379;0.029931;0.97789;0.94671;;;;;;
0.23202;0.0080044;0.022512;0.013264;0.02883;0.97873;0.94866;;;;;;
0.23226;0.007687;0.021654;0.012738;0.027717;0.97957;0.95063;;;;;;
0.2325;0.0073696;0.020793;0.012212;0.026603;0.98042;0.9526;;;;;;
0.23273;0.0070523;0.019933;0.011687;0.025488;0.98126;0.95458;;;;;;
0.23297;0.0067349;0.019073;0.011161;0.024374;0.9821;0.95655;;;;;;
0.23321;0.0064176;0.018212;0.010635;0.023259;0.98295;0.95853;;;;;;
0.23345;0.0061002;0.017338;0.010109;0.022133;0.98379;0.96053;;;;;;
0.23368;0.0057828;0.016462;0.009583;0.021004;0.98463;0.96253;;;;;;
0.23392;0.0054655;0.015586;0.0090571;0.019876;0.98548;0.96454;;;;;;
0.23416;0.0051482;0.01471;0.0085312;0.018747;0.98632;0.96654;;;;;;
0.23439;0.0048308;0.013834;0.0080053;0.017619;0.98716;0.96855;;;;;;
0.23463;0.0045134;0.012945;0.0074794;0.016479;0.98801;0.97058;;;;;;
0.23487;0.0041961;0.012053;0.0069535;0.015336;0.98885;0.97261;;;;;;
0.2351;0.0038787;0.011161;0.0064276;0.014193;0.98969;0.97465;;;;;;
0.23534;0.0035614;0.010268;0.0059017;0.013051;0.99054;0.97668;;;;;;
0.23558;0.003244;0.0093764;0.0053758;0.011908;0.99138;0.97872;;;;;;
0.23582;0.0029267;0.0084706;0.0048499;0.010753;0.99222;0.98078;;;;;;
0.23605;0.0026093;0.0075619;0.004324;0.0095961;0.99307;0.98284;;;;;;
0.23629;0.0022919;0.0066533;0.0037981;0.0084388;0.99391;0.98491;;;;;;
0.23653;0.0019746;0.0057446;0.0032722;0.0072816;0.99475;0.98697;;;;;;
0.23676;0.0016572;0.0048359;0.0027463;0.0061243;0.9956;0.98904;;;;;;
0.237;0.0013398;0.0039124;0.0022201;0.0049536;0.99644;0.99113;;;;;;
